"thrown","business","into","run","package","sail","agree","huge","think","already"
"then","planning","section","xerox","root","shelter","bet","wind","neighborhood","three"
"front","thousand","symbol","unknown","center","effect","highway","duck","growth","leg"
"rest","play","white","plate","instant","factor","chest","your","came","morning"
"danger","lungs","broke","truth","hospital","butter","sent","health","basic","raise"
"white","whistle","till","during","far","gather","suit","beyond","white","freedom"
"spider","air","had","shut","must","pony","image","push","run","guess"
"surface","cutting","written","handle","better","pitch","practice","most","said","serve"
"fly","club","breakfast","greatly","support","period","sharp","exist","has","hay"
"onto","smell","zeal","word","facing","friend","planet","review","mix","breathe"
"open","love","shut","material","give","machine","station","serve","easily","wide"
"famous","available","value","science","duty","dance","southern","distant","official","no"
"calm","event","both","three","society","letter","grown","mood","judge","known"
"draw","case","material","partly","another","greatly","bright","tobacco","engineer","picture"
"foot","character","smile","growth","city","whose","count","quest","education","location"
"ride","month","body","trunk","flat","slept","cold","line","actual","gate"